,Code NAF,Intitule NAF
0,6512Z,Autres assurances
1,3523Z,Commerce de combustibles gazeux par conduites
2,9313Z,Activités des centres de culture physique
3,8690F,Activités de santé humaine non classées ailleurs
4,1091,Fabrication d'aliments pour animaux de ferme
5,81,"Extraction de pierres, de sables et d'argiles"
6,8560Z,Activités de soutien à l'enseignement
7,1084,Fabrication de condiments et assaisonnements
8,5811,Édition de livres
9,4726Z,Commerce de détail de produits à base de tabac en magasin spécialisé
10,9411,Activités des organisations patronales et consulaires
11,2014,Fabrication d'autres produits chimiques organiques de base
12,4673A,Commerce de gros (commerce interentreprises) de bois et de matériaux de construction
13,2030,"Fabrication de peintures, vernis, encres et mastics"
14,4611Z,"Intermédiaires du commerce en matières premières agricoles, animaux vivants, matières premières textiles et produits semi-finis"
15,3299Z,Autres activités manufacturières n.c.a.
16,4399B,Travaux de montage de structures métalliques
17,5030,Transports fluviaux de passagers
18,2351,Fabrication de ciment
19,6190,Autres activités de télécommunication
20,3513,Distribution d'électricité
21,4669B,Commerce de gros (commerce interentreprises) de fournitures et équipements industriels divers
22,4661Z,Commerce de gros (commerce interentreprises) de matériel agricole
23,7490,"Autres activités spécialisées, scientifiques et techniques n.c.a."
24,3530Z,Production et distribution de vapeur et d'air conditionné
25,8542,Enseignement supérieur
26,146,Élevage de porcins
27,324,Fabrication de jeux et jouets
28,4647,"Commerce de gros de meubles, de tapis et d'appareils d'éclairage"
29,0312Z,Pêche en eau douce
30,2320Z,Fabrication de produits réfractaires
31,8899B,Action sociale sans hébergement n.c.a.
32,951,Réparation d'ordinateurs et d'équipements de communication
33,310,Fabrication de meubles
34,05,Extraction de houille et de lignite
35,1061,Travail des grains
36,4631,Commerce de gros de fruits et légumes
37,5224B,Manutention non portuaire
38,6820B,Location de terrains et d'autres biens immobiliers
39,562,Traiteurs et autres services de restauration
40,6629Z,Autres activités auxiliaires d'assurance et de caisses de retraite
41,302,Construction de locomotives et d'autre matériel ferroviaire roulant
42,4511Z,Commerce de voitures et de véhicules automobiles légers
43,4648Z,Commerce de gros (commerce interentreprises) d'articles d'horlogerie et de bijouterie
44,2432Z,Laminage à froid de feuillards
45,292,Fabrication de carrosseries et remorques
46,4781,Commerce de détail alimentaire sur éventaires et marchés
47,872,"Hébergement social pour personnes handicapées mentales, malades mentales et toxicomanes"
48,431,Démolition et préparation des sites
49,9499,Activités des organisations associatives n.c.a.
50,3700,Collecte et traitement des eaux usées
51,7735,Location et location-bail de matériels de transport aérien
52,29,Industrie automobile
53,1051,Exploitation de laiteries et fabrication de fromage
54,1610A,"Sciage et rabotage du bois, hors imprégnation"
55,1621,Fabrication de placage et de panneaux de bois
56,990,Activités de soutien aux autres industries extractives
57,3101,Fabrication de meubles de bureau et de magasin
58,2651,"Fabrication d'instruments et d'appareils de mesure, d'essai et de navigation"
59,6520,Réassurance
60,813,Services d'aménagement paysager
61,352,Production et distribution de combustibles gazeux
62,8891B,Accueil ou accompagnement sans hébergement d’enfants handicapés
63,8810A,Aide à domicile
64,5310,Activités de poste dans le cadre d'une obligation de service universel
65,856,Activités de soutien à l'enseignement
66,463,"Commerce de gros de produits alimentaires, de boissons et de tabac"
67,552,Hébergement touristique et autre hébergement de courte durée
68,0143Z,Élevage de chevaux et d'autres équidés
69,5020Z,Transports maritimes et côtiers de fret
70,652,Réassurance
71,7430,Traduction et interprétation
72,116,Culture de plantes à fibres
73,164,Traitement des semences
74,479,"Commerce de détail hors magasin, éventaires ou marchés"
75,6420,Activités des sociétés holding
76,7721Z,Location et location-bail d'articles de loisirs et de sport
77,35,"Production et distribution d'électricité, de gaz, de vapeur et d'air conditionné"
78,145,Élevage d'ovins et de caprins
79,4391A,Travaux de charpente
80,7490B,"Activités spécialisées, scientifiques et techniques diverses"
81,1811,Imprimerie de journaux
82,2612,Fabrication de cartes électroniques assemblées
83,259,Fabrication d'autres ouvrages en métaux
84,3213,Fabrication d’articles de bijouterie fantaisie et articles similaires
85,3311Z,Réparation d'ouvrages en métaux
86,8690C,Centres de collecte et banques d'organes
87,9321,Activités des parcs d'attractions et parcs à thèmes
88,8710,Hébergement médicalisé
89,4329A,Travaux d'isolation
90,7732,Location et location-bail de machines et équipements pour la construction
91,8110,Activités combinées de soutien lié aux bâtiments
92,7219,Recherche-développement en autres sciences physiques et naturelles
93,2441,Production de métaux précieux
94,4612B,"Autres intermédiaires du commerce en combustibles, métaux, minéraux et produits chimiques"
95,861,Activités hospitalières
96,61,Extraction de pétrole brut
97,3812Z,Collecte des déchets dangereux
98,9521,Réparation de produits électroniques grand public
99,3315,Réparation et maintenance navale
100,2052Z,Fabrication de colles
101,620,"Programmation, conseil et autres activités informatiques"
102,910,Activités de soutien à l'extraction d'hydrocarbures
103,239,Fabrication de produits abrasifs et de produits minéraux non métalliques n.c.a.
104,7112B,"Ingénierie, études techniques"
105,8551Z,Enseignement de disciplines sportives et d'activités de loisirs
106,39,Dépollution et autres services de gestion des déchets
107,4719B,Autres commerces de détail en magasin non spécialisé
108,2013A,Enrichissement et  retraitement de matières nucléaires
109,2332,"Fabrication de briques, tuiles et produits de construction, en terre cuite"
110,4772A,Commerce de détail de la chaussure
111,0240Z,Services de soutien à l'exploitation forestière
112,4773,Commerce de détail de produits pharmaceutiques en magasin spécialisé
113,4690,Commerce de gros non spécialisé
114,161,Sciage et rabotage du bois
115,1320,Tissage
116,4774,Commerce de détail d'articles médicaux et orthopédiques en magasin spécialisé
117,7721,Location et location-bail d'articles de loisirs et de sport
118,9492,Activités des organisations politiques
119,6430Z,Fonds de placement et entités financières similaires
120,3230,Fabrication d'articles de sport
121,4775,Commerce de détail de parfumerie et de produits de beauté en magasin spécialisé
122,3011,Construction de navires et de structures flottantes
123,126,Culture de fruits oléagineux
124,206,Fabrication de fibres artificielles ou synthétiques
125,1039B,Transformation et conservation de fruits
126,466,Commerce de gros d'autres équipements industriels
127,732,Études de marché et sondages
128,722,Recherche-développement en sciences humaines et sociales
129,8690A,Ambulances
130,1394,"Fabrication de ficelles, cordes et filets"
131,4321B,Travaux d'installation électrique sur la voie publique
132,4661,Commerce de gros de matériel agricole
133,62,Extraction de gaz naturel
134,493,Autres transports terrestres de voyageurs
135,6411Z,Activités de banque centrale
136,1039,Autre transformation et conservation de fruits et légumes
137,1419,Fabrication d'autres vêtements et accessoires
138,3220Z,Fabrication d'instruments de musique
139,2550B,"Découpage, emboutissage"
140,4662,Commerce de gros de machines-outils
141,7912Z,Activités des voyagistes
142,2829A,"Fabrication d'équipements d'emballage, de conditionnement et de pesage"
143,4334,Travaux de peinture et vitrerie
144,3092Z,Fabrication de bicyclettes et de véhicules pour invalides
145,4614,"Intermédiaires du commerce en machines, équipements industriels, navires et avions"
146,412,Construction de bâtiments résidentiels et non résidentiels
147,4711B,Commerce d'alimentation générale
148,390,Dépollution et autres services de gestion des déchets
149,3101Z,Fabrication de meubles de bureau et de magasin
150,2931,Fabrication d'équipements électriques et électroniques automobiles
151,7734Z,Location et location-bail de matériels de transport par eau
152,7010Z,Activités des sièges sociaux
153,1396,Fabrication d'autres textiles techniques et industriels
154,7430Z,Traduction et interprétation
155,1920,Raffinage du pétrole
156,2053Z,Fabrication d'huiles essentielles
157,4781Z,Commerce de détail alimentaire sur éventaires et marchés
158,1031,Transformation et conservation de pommes de terre
159,4752A,"Commerce de détail de quincaillerie, peintures et verres en petites surfaces (moins de 400 m2)"
160,4726,Commerce de détail de produits à base de tabac en magasin spécialisé
161,4743,Commerce de détail de matériels audio/vidéo en magasin spécialisé
162,9523Z,Réparation de chaussures et d'articles en cuir
163,46,"Commerce de gros, à l’exception des automobiles et des motocycles"
164,3312,Réparation de machines et équipements mécaniques
165,2529,"Fabrication d'autres réservoirs, citernes et conteneurs métalliques"
166,0610Z,Extraction de pétrole brut
167,1020,"Transformation et conservation de poisson, de crustacés et de mollusques"
168,2892Z,Fabrication de machines pour l'extraction ou la construction
169,4632C,Commerce de gros (commerce interentreprises) de volailles et gibier
170,7722,Location de vidéocassettes et disques vidéo
171,7111,Activités d'architecture
172,2740,Fabrication d'appareils d'éclairage électrique
173,3030Z,Construction aéronautique et spatiale
174,14,Industrie de l'habillement
175,2351Z,Fabrication de ciment
176,5912,"Post-production de films cinématographiques, de vidéo et de programmes de télévision"
177,122,Culture de fruits tropicaux et subtropicaux
178,2561,Traitement et revêtement des métaux
179,61,Télécommunications
180,1393,Fabrication de tapis et moquettes
181,0322Z,Aquaculture en eau douce
182,2060Z,Fabrication de fibres artificielles ou synthétiques
183,4920Z,Transports ferroviaires de fret
184,6630,Gestion de fonds
185,4676Z,Commerce de gros (commerce interentreprises) d'autres produits intermédiaires
186,1712Z,Fabrication de papier et de carton
187,1811Z,Imprimerie de journaux
188,6020A,Edition de chaînes généralistes
189,75,Activités vétérinaires
190,8790B,Hébergement social pour adultes et familles en difficultés et autre hébergement social
191,1723Z,Fabrication d'articles de papeterie
192,03,Pêche et aquaculture
193,2030Z,"Fabrication de peintures, vernis, encres et mastics"
194,4753Z,"Commerce de détail de tapis, moquettes et revêtements de murs et de sols en magasin spécialisé"
195,4649Z,Commerce de gros (commerce interentreprises) d'autres biens domestiques
196,1412,Fabrication de vêtements de travail
197,52,Extraction de lignite
198,4721,Commerce de détail de fruits et légumes en magasin spécialisé
199,6399Z,Autres services d'information n.c.a.
200,7021Z,Conseil en relations publiques et communication
201,2365Z,Fabrication d'ouvrages en fibre-ciment
202,7810,Activités des agences de placement de main-d'œuvre
203,611,Télécommunications filaires
204,110,Fabrication de boissons
205,4617A,Centrales d'achat alimentaires
206,4939A,Transports routiers réguliers de voyageurs
207,7022,Conseil pour les affaires et autres conseils de gestion
208,5223,Services auxiliaires des transports aériens
209,2599B,Fabrication d'autres articles métalliques
210,6120Z,Télécommunications sans fil
211,4778,Autre commerce de détail de biens neufs en magasin spécialisé
212,2229,Fabrication d'autres articles en matières plastiques
213,3313Z,Réparation de matériels électroniques et optiques
214,3521,Production de combustibles gazeux
215,4621Z,"Commerce de gros (commerce interentreprises) de céréales, de tabac non manufacturé, de semences et d'aliments pour le bétail"
216,6010,Édition et diffusion de programmes radio
217,2059,Fabrication d'autres produits chimiques n.c.a.
218,3317Z,Réparation et maintenance d'autres équipements de transport
219,4333,Travaux de revêtement des sols et des murs
220,5829C,Edition de logiciels applicatifs
221,3521Z,Production de combustibles gazeux
222,5224,Manutention
223,1396Z,Fabrication d'autres textiles techniques et industriels
224,4669A,Commerce de gros (commerce interentreprises) de matériel électrique
225,2829,Fabrication de machines diverses d'usage général
226,3600Z,"Captage, traitement et distribution d'eau"
227,3812,Collecte des déchets dangereux
228,7739,"Location et location-bail d'autres machines, équipements et biens matériels n.c.a."
229,7731Z,Location et location-bail de machines et équipements agricoles
230,4645Z,Commerce de gros (commerce interentreprises) de parfumerie et de produits de beauté
231,236,"Fabrication d'ouvrages en béton, en ciment ou en plâtre"
232,8690,Autres activités pour la santé humaine
233,8531,Enseignement secondaire général
234,1813Z,Activités de pré-presse
235,2521,Fabrication de radiateurs et de chaudières pour le chauffage central
236,4759,"Commerce de détail de meubles, appareils d'éclairage et autres articles de ménage en magasin spécialisé"
237,9512,Réparation d'équipements de communication
238,889,Autre action sociale sans hébergement
239,873,Hébergement social pour personnes âgées ou handicapées physiques
240,1419Z,Fabrication d'autres vêtements et accessoires
241,1814,Reliure et activités connexes
242,3250A,Fabrication de matériel médico-chirurgical et dentaire
243,2822,Fabrication de matériel de levage et de manutention
244,91,"Bibliothèques, archives, musées et autres activités culturelles"
245,52,Entreposage et services auxiliaires des transports
246,4110B,Promotion immobilière de bureaux
247,7712Z,Location et location-bail de camions
248,3103Z,Fabrication de matelas
249,5221Z,Services auxiliaires des transports terrestres
250,2011,Fabrication de gaz industriels
251,2222Z,Fabrication d'emballages en matières plastiques
252,3821Z,Traitement et élimination des déchets non dangereux
253,429,Construction d'autres ouvrages de génie civil
254,4312,Travaux de préparation des sites
255,4762Z,Commerce de détail de journaux et papeterie en magasin spécialisé
256,4941C,Location de camions avec chauffeur
257,3311,Réparation d'ouvrages en métaux
258,461,Intermédiaires du commerce de gros
259,1107,Industrie des eaux minérales et autres eaux embouteillées et des boissons rafraîchissantes
260,12,Cultures permanentes
261,522,Services auxiliaires des transports
262,3513Z,Distribution d'électricité
263,2369Z,"Fabrication d'autres ouvrages en béton, en ciment ou en plâtre"
264,2331,Fabrication de carreaux en céramique
265,1724Z,Fabrication de papiers peints
266,2841,Fabrication de machines de formage des métaux
267,2652Z,Horlogerie
268,773,"Location et location-bail d'autres machines, équipements et biens"
269,1042Z,Fabrication de margarine et graisses comestibles similaires
270,1104,Production d'autres boissons fermentées non distillées
271,5210,Entreposage et stockage
272,204,"Fabrication de savons, de produits d'entretien et de parfums"
273,2849Z,Fabrication d'autres machines-outils
274,2364Z,Fabrication de mortiers et bétons secs
275,245,Fonderie
276,7500Z,Activités vétérinaires
277,303,Construction aéronautique et spatiale
278,631,"Traitement de données, hébergement et activités connexes ; portails Internet"
279,7729Z,Location et location-bail d'autres biens personnels et domestiques
280,8690D,Activités des infirmiers et des sages-femmes
281,09,Services de soutien aux industries extractives
282,4646Z,Commerce de gros (commerce interentreprises) de produits pharmaceutiques
283,1439Z,Fabrication d'autres articles à mailles
284,591,"Activités cinématographiques, vidéo et de télévision"
285,2733,Fabrication de matériel d'installation électrique
286,521,Entreposage et stockage
287,2720Z,Fabrication de piles et d'accumulateurs électriques
288,3900,Dépollution et autres services de gestion des déchets
289,620,Extraction de gaz naturel
290,853,Enseignement secondaire
291,1061A,Meunerie
292,3315Z,Réparation et maintenance navale
293,4725,Commerce de détail de boissons en magasin spécialisé
294,2433Z,Profilage à froid par formage ou pliage
295,1910Z,Cokéfaction
296,2752,Fabrication d'appareils ménagers non électriques
297,2814,Fabrication d'autres articles de robinetterie
298,331,"Réparation d'ouvrages en métaux, de machines et d'équipements"
299,4331Z,Travaux de plâtrerie
300,2821,Fabrication de fours et brûleurs
301,4213,Construction de ponts et tunnels
302,1420,Fabrication d'articles en fourrure
303,1052,Fabrication de glaces et sorbets
304,823,Organisation de salons professionnels et congrès
305,7320,Études de marché et sondages
306,4635Z,Commerce de gros (commerce interentreprises) de produits à base de tabac
307,4540,Commerce et réparation de motocycles
308,3320B,Installation de machines et équipements mécaniques
309,41,Construction de bâtiments
310,1104Z,Production d'autres boissons fermentées non distillées
311,7112A,Activité des géomètres
312,2363Z,Fabrication de béton prêt à l'emploi
313,3822Z,Traitement et élimination des déchets dangereux
314,2899A,Fabrication de machines d'imprimerie
315,9411Z,Activités des organisations patronales et consulaires
316,351,"Production, transport et distribution d'électricité"
317,3514,Commerce d'électricité
318,77,Activités de location et location-bail
319,1520,Fabrication de chaussures
320,45,Commerce et réparation d'automobiles et de motocycles
321,0124Z,Culture de fruits à pépins et à noyau
322,4771Z,Commerce de détail d'habillement en magasin spécialisé
323,5812,Édition de répertoires et de fichiers d'adresses
324,2342,Fabrication d'appareils sanitaires en céramique
325,5829,Édition d'autres logiciels
326,4511,Commerce de voitures et de véhicules automobiles légers
327,3316Z,Réparation et maintenance d'aéronefs et d'engins spatiaux
328,4291Z,Construction d'ouvrages maritimes et fluviaux
329,6832,Administration de biens immobiliers
330,22,Exploitation forestière
331,452,Entretien et réparation de véhicules automobiles
332,0812Z,"Exploitation de gravières et sablières, extraction d’argiles et de kaolin"
333,1082Z,"Fabrication de cacao, chocolat et de produits de confiserie"
334,273,Fabrication de fils et câbles et de matériel d'installation électrique
335,2894Z,Fabrication de machines pour les industries textiles
336,1031Z,Transformation et conservation de pommes de terre
337,3314,Réparation d'équipements électriques
338,0510Z,Extraction de houille
339,8790A,Hébergement social pour enfants en difficultés
340,2892,Fabrication de machines pour l'extraction ou la construction
341,4799,"Autres commerces de détail hors magasin, éventaires ou marchés"
342,7220,Recherche-développement en sciences humaines et sociales
343,1520Z,Fabrication de chaussures
344,4690Z,Commerce de gros (commerce interentreprises) non spécialisé
345,2453Z,Fonderie de métaux légers
346,5210A,Entreposage et stockage frigorifique
347,851,Enseignement pré-primaire
348,23,Récolte de produits forestiers non ligneux poussant à l'état sauvage
349,4674A,Commerce de gros (commerce interentreprises) de quincaillerie
350,3832,Récupération de déchets triés
351,2314,Fabrication de fibres de verre
352,4753,"Commerce de détail de tapis, moquettes et revêtements de murs et de sols en magasin spécialisé"
353,2593,"Fabrication d'articles en fils métalliques, de chaînes et de ressorts"
354,3012Z,Construction de bateaux de plaisance
355,7219Z,Recherche-développement en autres sciences physiques et naturelles
356,2364,Fabrication de mortiers et bétons secs
357,9522Z,Réparation d'appareils électroménagers et d'équipements pour la maison et le jardin
358,1062Z,Fabrication de produits amylacés
359,4299Z,Construction d'autres ouvrages de génie civil n.c.a.
360,4638B,Commerce de gros (commerce interentreprises) alimentaire spécialisé divers
361,6209,Autres activités informatiques
362,582,Édition de logiciels
363,3811,Collecte des déchets non dangereux
364,279,Fabrication d'autres matériels électriques
365,5010Z,Transports maritimes et côtiers de passagers
366,6622,Activités des agents et courtiers d'assurances
367,1072,"Fabrication de biscuits, biscottes et pâtisseries de conservation"
368,774,"Location-bail de propriété intellectuelle et de produits similaires, à l'exception des œuvres soumises à copyright"
369,6110Z,Télécommunications filaires
370,4779Z,Commerce de détail de biens d'occasion en magasin
371,79,"Activités des agences de voyage, voyagistes, services de réservation et activités connexes"
372,5610C,Restauration de type rapide
373,9602A,Coiffure
374,33,Réparation et installation de machines et d'équipements
375,8211,Services administratifs combinés de bureau
376,1012Z,Transformation et conservation de la viande de volaille
377,5222Z,Services auxiliaires des transports par eau
378,799,Autres services de réservation et activités connexes
379,9810,Activités indifférenciées des ménages en tant que producteurs de biens pour usage propre
380,212,Fabrication de préparations pharmaceutiques
381,2630Z,Fabrication d'équipements de communication
382,2370Z,"Taille, façonnage et finissage de pierres"
383,7410Z,Activités spécialisées de design
384,15,Culture et élevage associés
385,6810,Activités des marchands de biens immobiliers
386,6831,Agences immobilières
387,2599,Fabrication d'autres produits métalliques n.c.a.
388,4312B,Travaux de terrassement spécialisés ou de grande masse
389,4623Z,Commerce de gros (commerce interentreprises) d'animaux vivants
390,5821,Édition de jeux électroniques
391,4644,"Commerce de gros de vaisselle, verrerie et produits d'entretien"
392,80,Enquêtes et sécurité
393,9101Z,Gestion des bibliothèques et des archives
394,1071A,Fabrication industrielle de pain et de pâtisserie fraîche
395,1412Z,Fabrication de vêtements de travail
396,5229,Autres services auxiliaires des transports
397,2812,Fabrication d'équipements hydrauliques et pneumatiques
398,4222,Construction de réseaux électriques et de télécommunications
399,6629,Autres activités auxiliaires d'assurance et de caisses de retraite
400,433,Travaux de finition
401,852,Enseignement primaire
402,4651,"Commerce de gros d'ordinateurs, d'équipements informatiques périphériques et de logiciels"
403,982,Activités indifférenciées des ménages en tant que producteurs de services pour usage propre
404,1102B,Vinification
405,2751Z,Fabrication d'appareils électroménagers
406,8230Z,"Organisation de foires, salons professionnels et congrès"
407,7733Z,Location et location-bail de machines de bureau et de matériel informatique
408,503,Transports fluviaux de passagers
409,4399,Autres travaux de construction spécialisés n.c.a.
410,5821Z,Édition de jeux électroniques
411,115,Culture du tabac
412,9420Z,Activités des syndicats de salariés
413,0230Z,Récolte de produits forestiers non ligneux poussant à l'état sauvage
414,0811Z,"Extraction de pierres ornementales et de construction, de calcaire industriel, de gypse, de craie et d'ardoise"
415,6810Z,Activités des marchands de biens immobiliers
416,8559,Enseignements divers
417,0220Z,Exploitation forestière
418,2752Z,Fabrication d'appareils ménagers non électriques
419,2370,"Taille, façonnage et finissage de pierres"
420,0163Z,Traitement primaire des récoltes
421,899,Autres activités extractives n.c.a.
422,6612,Courtage de valeurs mobilières et de marchandises
423,3319Z,Réparation d'autres équipements
424,282,Fabrication d'autres machines d'usage général
425,9512Z,Réparation d'équipements de communication
426,25,"Fabrication de produits métalliques, à l’exception des machines et des équipements"
427,8412Z,"Administration publique (tutelle) de la santé, de la formation, de la culture et des services sociaux, autre que sécurité sociale"
428,5913B,Edition et distribution vidéo
429,1629Z,"Fabrication d'objets divers en bois ; fabrication d'objets en liège, vannerie et sparterie"
430,8541Z,Enseignement post-secondaire non supérieur
431,2790Z,Fabrication d'autres matériels électriques
432,4752,"Commerce de détail de quincaillerie, peintures et verres en magasin spécialisé"
433,4711E,Magasins multi-commerces
434,0141Z,Élevage de vaches laitières
435,6492Z,Autre distribution de crédit
436,5813Z,Édition de journaux
437,8020,Activités liées aux systèmes de sécurité
438,0150Z,Culture et élevage associés
439,3530,Production et distribution de vapeur et d'air conditionné
440,8899,Autre action sociale sans hébergement n.c.a.
441,8413Z,Administration publique (tutelle) des activités économiques
442,8541,Enseignement post-secondaire non supérieur
443,4711D,Supermarchés
444,8621Z,Activité des médecins généralistes
445,5520,Hébergement touristique et autre hébergement de courte durée
446,1820,Reproduction d'enregistrements
447,512,Transports aériens de fret et transports spatiaux
448,5110,Transports aériens de passagers
449,27,Fabrication d'équipements électriques
450,232,Fabrication de produits réfractaires
451,8030,Activités d'enquête
452,6832A,Administration d'immeubles et autres biens immobiliers
453,2511,Fabrication de structures métalliques et de parties de structures
454,2352Z,Fabrication de chaux et plâtre
455,4774Z,Commerce de détail d'articles médicaux et orthopédiques en magasin spécialisé
456,1091Z,Fabrication d'aliments pour animaux de ferme
457,4725Z,Commerce de détail de boissons en magasin spécialisé
458,78,Activités liées à l'emploi
459,653,Caisses de retraite
460,8610Z,Activités hospitalières
461,4633Z,"Commerce de gros (commerce interentreprises) de produits laitiers, œufs, huiles et matières grasses comestibles"
462,7320Z,Études de marché et sondages
463,1391,Fabrication d'étoffes à mailles
464,3109B,Fabrication d’autres meubles et industries connexes de l’ameublement
465,6910,Activités juridiques
466,74,"Autres activités spécialisées, scientifiques et techniques"
467,970,Activités des ménages en tant qu'employeurs de personnel domestique
468,9311Z,Gestion d'installations sportives
469,2891,Fabrication de machines pour la métallurgie
470,3240,Fabrication de jeux et jouets
471,4540Z,Commerce et réparation de motocycles
472,119,Autres cultures non permanentes
473,2312Z,Façonnage et transformation du verre plat
474,9103,Gestion des sites et monuments historiques et des attractions touristiques similaires
475,5510Z,Hôtels et hébergement similaire
476,8421,Affaires étrangères
477,1420Z,Fabrication d'articles en fourrure
478,220,Exploitation forestière
479,2319Z,"Fabrication et façonnage d'autres articles en verre, y compris verre technique"
480,311,Pêche en mer
481,2620,Fabrication d'ordinateurs et d'équipements périphériques
482,2391,Fabrication de produits abrasifs
483,4931,Transports urbains et suburbains de voyageurs
484,783,Autre mise à disposition de ressources humaines
485,2594Z,Fabrication de vis et de boulons
486,18,Imprimerie et reproduction d'enregistrements
487,4764Z,Commerce de détail d'articles de sport en magasin spécialisé
488,8899A,"Autre accueil ou accompagnement sans hébergement d’enfants
 et d’adolescents"
489,531,Activités de poste dans le cadre d'une obligation de service universel
490,2814Z,Fabrication d'autres articles de robinetterie
491,4622Z,Commerce de gros (commerce interentreprises) de fleurs et plantes
492,141,"Fabrication de vêtements, autres qu'en fourrure"
493,2229A,Fabrication de pièces techniques à base de matières plastiques
494,2530,"Fabrication de générateurs de vapeur, à l'exception des chaudières pour le chauffage central"
495,268,Fabrication de supports magnétiques et optiques
496,3511Z,Production d'électricité
497,6209Z,Autres activités informatiques
498,2571,Fabrication de coutellerie
499,1812Z,Autre imprimerie (labeur)
500,900,"Activités créatives, artistiques et de spectacle"
501,920,Organisation de jeux de hasard et d'argent
502,8411Z,Administration publique générale
503,581,Édition de livres et périodiques et autres activités d'édition
504,3099,Fabrication d’autres équipements de transport n.c.a.
505,2680,Fabrication de supports magnétiques et optiques
506,8520Z,Enseignement primaire
507,2432,Laminage à froid de feuillards
508,6391Z,Activités des agences de presse
509,1200,Fabrication de produits à base de tabac
510,1512,"Fabrication d'articles de voyage, de maroquinerie et de sellerie"
511,171,"Fabrication de pâte à papier, de papier et de carton"
512,8720,"Hébergement social pour personnes handicapées mentales, malades mentales et toxicomanes"
513,24,Services de soutien à l'exploitation forestière
514,4775Z,Commerce de détail de parfumerie et de produits de beauté en magasin spécialisé
515,4616,"Intermédiaires du commerce en textiles, habillement, fourrures, chaussures et articles en cuir"
516,4674,Commerce de gros de quincaillerie et fournitures pour plomberie et chauffage
517,721,Extraction de minerais d'uranium et de thorium
518,7911,Activités des agences de voyage
519,88,Action sociale sans hébergement
520,662,Activités auxiliaires d'assurance et de caisses de retraite
521,6419Z,Autres intermédiations monétaires
522,0520Z,Extraction de lignite
523,4711C,Supérettes
524,3512,Transport d'électricité
525,4724,"Commerce de détail de pain, pâtisserie et confiserie en magasin spécialisé"
526,4618,Intermédiaires spécialisés dans le commerce d'autres produits spécifiques
527,1310,Préparation de fibres textiles et filature
528,0147Z,Élevage de volailles
529,4719A,Grands magasins
530,2573B,Fabrication d'autres outillages
531,563,Débits de boissons
532,7211Z,Recherche-développement en biotechnologie
533,8610,Activités hospitalières
534,4778A,Commerces de détail d'optique
535,2020Z,Fabrication de pesticides et d’autres produits agrochimiques
536,1085,Fabrication de plats préparés
537,3900Z,Dépollution et autres services de gestion des déchets
538,5590Z,Autres hébergements
539,1393Z,Fabrication de tapis et moquettes
540,892,Extraction de tourbe
541,8690B,Laboratoires d'analyses médicales
542,2931Z,Fabrication d'équipements électriques et électroniques automobiles
543,4321A,Travaux d'installation électrique dans tous locaux
544,1103Z,Fabrication de cidre et de vins de fruits
545,8020Z,Activités liées aux systèmes de sécurité
546,9319,Autres activités liées au sport
547,9603,Services funéraires
548,50,Transports par eau
549,4322B,Travaux d'installation d'équipements thermiques et de climatisation
550,4614Z,"Intermédiaires du commerce en machines, équipements industriels, navires et avions"
551,2733Z,Fabrication de matériel d'installation électrique
552,3102,Fabrication de meubles de cuisine
553,4636,"Commerce de gros de sucre, chocolat et confiserie"
554,1062,Fabrication de produits amylacés
555,4531Z,Commerce de gros d'équipements automobiles
556,43,Travaux de construction spécialisés
557,63,Services d'information
558,0149Z,Élevage d'autres animaux
559,81,Services relatifs aux bâtiments et aménagement paysager
560,5020,Transports maritimes et côtiers de fret
561,702,Conseil de gestion
562,141,Élevage de vaches laitières
563,2451,Fonderie de fonte
564,4763,Commerce de détail d'enregistrements musicaux et vidéo en magasin spécialisé
565,87,Hébergement médico-social et social
566,1395,"Fabrication de non-tissés, sauf habillement"
567,2012Z,Fabrication de colorants et de pigments
568,0729Z,Extraction d'autres minerais de métaux non ferreux
569,12,Fabrication de produits à base de tabac
570,1071C,Boulangerie et boulangerie-pâtisserie
571,2512,Fabrication de portes et fenêtres en métal
572,3314Z,Réparation d'équipements électriques
573,5913,"Distribution de films cinématographiques, de vidéo et de programmes de télévision"
574,107,Fabrication de produits de boulangerie-pâtisserie et de pâtes alimentaires
575,1011Z,Transformation et conservation de la viande de boucherie
576,8423Z,Justice
577,2052,Fabrication de colles
578,21,Industrie pharmaceutique
579,2223Z,Fabrication d'éléments en matières plastiques pour la construction
580,2454,Fonderie d'autres métaux non ferreux
581,2365,Fabrication d'ouvrages en fibre-ciment
582,7735Z,Location et location-bail de matériels de transport aérien
583,233,Fabrication de matériaux de construction en terre cuite
584,8790,Autres activités d’hébergement social
585,272,Fabrication de piles et d'accumulateurs électriques
586,4211,Construction de routes et autoroutes
587,235,"Fabrication de ciment, chaux et plâtre"
588,3020,Construction de locomotives et d'autre matériel ferroviaire roulant
589,6619,"Autres activités auxiliaires de services financiers, hors assurance et caisses de retraite"
590,0146Z,Élevage de porcins
591,1512Z,"Fabrication d'articles de voyage, de maroquinerie et de sellerie"
592,4665Z,Commerce de gros (commerce interentreprises) de mobilier de bureau
593,879,Autres activités d’hébergement social
594,8560,Activités de soutien à l'enseignement
595,1086,Fabrication d'aliments homogénéisés et diététiques
596,8220Z,Activités de centres d'appels
597,2446,Élaboration et transformation de matières nucléaires
598,7711,Location et location-bail de voitures et de véhicules automobiles légers
599,2891Z,Fabrication de machines pour la métallurgie
600,4730Z,Commerce de détail de carburants en magasin spécialisé
601,2611Z,Fabrication de composants électroniques
602,7112,Activités d'ingénierie
603,801,Activités de sécurité privée
604,261,Fabrication de composants et cartes électroniques
605,13,Reproduction de plantes
606,1042,Fabrication de margarine et graisses comestibles similaires
607,274,Fabrication d'appareils d'éclairage électrique
608,4799B,"Vente par automates et autres commerces de détail hors magasin, éventaires ou marchés n.c.a."
609,4120,Construction de bâtiments résidentiels et non résidentiels
610,20,Industrie chimique
611,4724Z,"Commerce de détail de pain, pâtisserie et confiserie en magasin spécialisé"
612,2572,Fabrication de serrures et de ferrures
613,4762,Commerce de détail de journaux et papeterie en magasin spécialisé
614,4779,Commerce de détail de biens d'occasion en magasin
615,2211,Fabrication et rechapage de pneumatiques
616,1032,Préparation de jus de fruits et légumes
617,4711A,Commerce de détail de produits surgelés
618,7712,Location et location-bail de camions
619,2680Z,Fabrication de supports magnétiques et optiques
620,241,Sidérurgie
621,283,Fabrication de machines agricoles et forestières
622,1310Z,Préparation de fibres textiles et filature
623,5913A,Distribution de films cinématographiques
624,7820Z,Activités des agences de travail temporaire
625,97,Activités des ménages en tant qu'employeurs de personnel domestique
626,8122,Autres activités de nettoyage des bâtiments et nettoyage industriel
627,1721,Fabrication de papier et carton ondulés et d'emballages en papier ou en carton
628,2012,Fabrication de colorants et de pigments
629,5911C,Production de films pour le cinéma
630,8810,Action sociale sans hébergement pour personnes âgées et pour personnes handicapées
631,8510,Enseignement pré-primaire
632,4771,Commerce de détail d'habillement en magasin spécialisé
633,15,Industrie du cuir et de la chaussure
634,476,Commerce de détail de biens culturels et de loisirs en magasin spécialisé
635,492,Transports ferroviaires de fret
636,109,Fabrication d'aliments pour animaux
637,143,Fabrication d'articles à mailles
638,643,Fonds de placement et entités financières similaires
639,4618Z,Intermédiaires spécialisés dans le commerce d'autres produits spécifiques
640,47,"Commerce de détail, à l’exception des automobiles et des motocycles"
641,8623Z,Pratique dentaire
642,4764,Commerce de détail d'articles de sport en magasin spécialisé
643,981,Activités indifférenciées des ménages en tant que producteurs de biens pour usage propre
644,102,"Transformation et conservation de poisson, de crustacés et de mollusques"
645,2899B,Fabrication d'autres machines spécialisées
646,8030Z,Activités d'enquête
647,811,"Extraction de pierres ornementales et de construction, de calcaire industriel, de gypse, de craie et d'ardoise"
648,1330,Ennoblissement textile
649,6312,Portails Internet
650,5520Z,Hébergement touristique et autre hébergement de courte durée
651,1081Z,Fabrication de sucre
652,6530Z,Caisses de retraite
653,464,Commerce de gros de biens domestiques
654,495,Transports par conduites
655,8430,Sécurité sociale obligatoire
656,1089Z,Fabrication d'autres produits alimentaires n.c.a.
657,862,Activité des médecins et des dentistes
658,439,Autres travaux de construction spécialisés
659,639,Autres services d'information
660,9313,Activités des centres de culture physique
661,2920Z,Fabrication de carrosseries et remorques
662,53,Activités de poste et de courrier
663,9521Z,Réparation de produits électroniques grand public
664,5121,Transports aériens de fret
665,2910Z,Construction de véhicules automobiles
666,7830Z,Autre mise à disposition de ressources humaines
667,9004,Gestion de salles de spectacles
668,2042Z,Fabrication de parfums et de produits pour la toilette
669,4665,Commerce de gros de mobilier de bureau
670,473,Commerce de détail de carburants en magasin spécialisé
671,4939,Autres transports terrestres de voyageurs n.c.a.
672,8621,Activité des médecins généralistes
673,7311Z,Activités des agences de publicité
674,5121Z,Transports aériens de fret
675,42,Génie civil
676,2017,Fabrication de caoutchouc synthétique
677,4743Z,Commerce de détail de matériels audio et vidéo en magasin spécialisé
678,4619B,Autres intermédiaires du commerce en produits divers
679,2013,Fabrication d'autres produits chimiques inorganiques de base
680,1820Z,Reproduction d'enregistrements
681,4729Z,Autres commerces de détail alimentaires en magasin spécialisé
682,4910,Transport ferroviaire interurbain de voyageurs
683,2053,Fabrication d'huiles essentielles
684,642,Activités des sociétés holding
685,8553,Enseignement de la conduite
686,4789,Autres commerces de détail sur éventaires et marchés
687,9104Z,Gestion des jardins botaniques et zoologiques et des réserves naturelles
688,7120A,Contrôle technique automobile
689,2016,Fabrication de matières plastiques de base
690,1101Z,Production de boissons alcooliques distillées
691,4730,Commerce de détail de carburants en magasin spécialisé
692,2612Z,Fabrication de cartes électroniques assemblées
693,243,Fabrication d'autres produits de première transformation de l'acier
694,5914Z,Projection de films cinématographiques
695,6511Z,Assurance vie
696,332,Installation de machines et d'équipements industriels
697,422,Construction de réseaux et de lignes
698,4754Z,Commerce de détail d'appareils électroménagers en magasin spécialisé
699,2620Z,Fabrication d'ordinateurs et d'équipements périphériques
700,8423,Justice
701,5229B,Affrètement et organisation des transports
702,4313,Forages et sondages
703,4663,"Commerce de gros de machines pour l'extraction, la construction et le génie civil"
704,28,Fabrication de machines et équipements n.c.a.
705,2446Z,Élaboration et transformation de matières nucléaires
706,104,Fabrication d’huiles et graisses végétales et animales
707,108,Fabrication d'autres produits alimentaires
708,2894,Fabrication de machines pour les industries textiles
709,7990,Autres services de réservation et activités connexes
710,16,Activités de soutien à l'agriculture et traitement primaire des récoltes
711,3212,Fabrication d’articles de joaillerie et bijouterie
712,772,Location et location-bail de biens personnels et domestiques
713,9104,Gestion des jardins botaniques et zoologiques et des réserves naturelles
714,8710A,Hébergement médicalisé pour personnes âgées
715,4666Z,Commerce de gros (commerce interentreprises) d'autres machines et équipements de bureau
716,4322,Travaux de plomberie et installation de chauffage et de conditionnement d'air
717,811,Activités combinées de soutien lié aux bâtiments
718,2434,Tréfilage à froid
719,5224A,Manutention portuaire
720,9319Z,Autres activités liées au sport
721,1105Z,Fabrication de bière
722,96,Autres services personnels
723,5912Z,"Post-production de films cinématographiques, de vidéo et de programmes de télévision"
724,5310Z,Activités de poste dans le cadre d'une obligation de service universel
725,910,"Bibliothèques, archives, musées et autres activités culturelles"
726,2823Z,Fabrication de machines et d'équipements de bureau (à l'exception des ordinateurs et équipements périphériques)
727,4782,"Commerce de détail de textiles, d'habillement et de chaussures sur éventaires et marchés"
728,1729,Fabrication d'autres articles en papier ou en carton
729,3522,Distribution de combustibles gazeux par conduites
730,5221,Services auxiliaires des transports terrestres
731,1623,Fabrication de charpentes et d'autres menuiseries
732,2362,Fabrication d'éléments en plâtre pour la construction
733,9900,Activités des organisations et organismes extraterritoriaux
734,411,Promotion immobilière
735,2571Z,Fabrication de coutellerie
736,5630,Débits de boissons
737,65,Assurance
738,4641Z,Commerce de gros (commerce interentreprises) de textiles
739,9609,Autres services personnels n.c.a.
740,106,Travail des grains ; fabrication de produits amylacés
741,64,"Activités des services financiers, hors assurance et caisses de retraite"
742,5621Z,Services des traiteurs
743,3831Z,Démantèlement d'épaves
744,4110,Promotion immobilière
745,1084Z,Fabrication de condiments et assaisonnements
746,6020,Programmation de télévision et télédiffusion
747,4765,Commerce de détail de jeux et jouets en magasin spécialisé
748,8542Z,Enseignement supérieur
749,472,Commerce de détail alimentaire en magasin spécialisé
750,949,Activités des autres organisations associatives
751,4213A,Construction d'ouvrages d'art
752,5530Z,Terrains de camping et parcs pour caravanes ou véhicules de loisirs
753,2813,Fabrication d'autres pompes et compresseurs
754,6311Z,"Traitement de données, hébergement et activités connexes"
755,19,Cokéfaction et raffinage
756,2434Z,Tréfilage à froid
757,3320,Installation de machines et d'équipements industriels
758,9601,Blanchisserie-teinturerie
759,5590,Autres hébergements
760,1414Z,Fabrication de vêtements de dessous
761,162,"Fabrication d'articles en bois, liège, vannerie et sparterie"
762,0893Z,Production de sel
763,893,Production de sel
764,2313,Fabrication de verre creux
765,4673B,Commerce de gros (commerce interentreprises) d'appareils sanitaires et de produits de décoration
766,1011,Transformation et conservation de la viande de boucherie
767,2016Z,Fabrication de matières plastiques de base
768,6110,Télécommunications filaires
769,4711,Commerce de détail en magasin non spécialisé à prédominance alimentaire
770,114,Culture de la canne à sucre
771,127,Culture de plantes à boissons
772,4621,"Commerce de gros de céréales, de tabac non manufacturé, de semences et d'aliments pour le bétail"
773,2594,Fabrication de vis et de boulons
774,592,Enregistrement sonore et édition musicale
775,55,Hébergement
776,1061B,Autres activités du travail des grains
777,8219,"Photocopie, préparation de documents et autres activités spécialisées de soutien de bureau"
778,321,Aquaculture en mer
779,211,Fabrication de produits pharmaceutiques de base
780,1320Z,Tissage
781,2014Z,Fabrication d'autres produits chimiques organiques de base
782,38,"Collecte, traitement et élimination des déchets ; récupération"
783,4632,Commerce de gros de viandes et de produits à base de viande
784,144,Élevage de chameaux et d'autres camélidés
785,149,Élevage d'autres animaux
786,2562B,Mécanique industrielle
787,821,Activités administratives
788,17,Industrie du papier et du carton
789,222,Fabrication  de produits en plastique
790,4615Z,"Intermédiaires du commerce en meubles, articles de ménage et quincaillerie"
791,612,Télécommunications sans fil
792,4765Z,Commerce de détail de jeux et jouets en magasin spécialisé
793,931,Activités liées au sport
794,4721Z,Commerce de détail de fruits et légumes en magasin spécialisé
795,2320,Fabrication de produits réfractaires
796,5510,Hôtels et hébergement similaire
797,504,Transports fluviaux de fret
798,1105,Fabrication de bière
799,2431,Étirage à froid de barres
800,4638,"Commerce de gros d'autres produits alimentaires, y compris poissons, crustacés et mollusques"
801,5629,Autres services de restauration
802,5030Z,Transports fluviaux de passagers
803,131,Préparation de fibres textiles et filature
804,121,Culture de la vigne
805,9511,Réparation d'ordinateurs et d'équipements périphériques
806,2110Z,Fabrication de produits pharmaceutiques de base
807,8121Z,Nettoyage courant des bâtiments
808,4617,"Intermédiaires du commerce en denrées, boissons et tabac"
809,4664Z,Commerce de gros (commerce interentreprises) de machines pour l'industrie textile et l'habillement
810,6202A,Conseil en systèmes et logiciels informatiques
811,381,Collecte des déchets
812,9523,Réparation de chaussures et d'articles en cuir
813,0111Z,"Culture de céréales (à l'exception du riz), de légumineuses et de graines oléagineuses"
814,2445Z,Métallurgie des autres métaux non ferreux
815,478,Commerce de détail sur éventaires et marchés
816,0142Z,Élevage d'autres bovins et de buffles
817,293,Fabrication d'équipements automobiles
818,3600,"Captage, traitement et distribution d'eau"
819,6203,Gestion d'installations informatiques
820,4645,Commerce de gros de parfumerie et de produits de beauté
821,1511Z,Apprêt et tannage des cuirs ; préparation et teinture des fourrures
822,2444,Métallurgie du cuivre
823,2562A,Décolletage
824,3832Z,Récupération de déchets triés
825,4942,Services de déménagement
826,99,Activités de soutien aux autres industries extractives
827,5222,Services auxiliaires des transports par eau
828,2361,Fabrication d'éléments en béton pour la construction
829,2751,Fabrication d'appareils électroménagers
830,3240Z,Fabrication de jeux et jouets
831,8291,Activités des agences de recouvrement de factures et des sociétés d'information financière sur la clientèle
832,162,Activités de soutien à la production animale
833,2732Z,Fabrication d'autres fils et câbles électroniques ou électriques
834,1610,Sciage et rabotage du bois
835,8690E,"Activités des professionnels de la rééducation, de l’appareillage et des pédicures-podologues"
836,960,Autres services personnels
837,91,Activités de soutien à l'extraction d'hydrocarbures
838,2120,Fabrication de préparations pharmaceutiques
839,681,Activités des marchands de biens immobiliers
840,203,"Fabrication de peintures, vernis, encres et mastics"
841,4213B,Construction et entretien de tunnels
842,4639,"Commerce de gros non spécialisé de denrées, boissons et tabac"
843,4632B,Commerce de gros (commerce interentreprises) de produits à base de viande
844,1013A,Préparation industrielle de produits à base de viande
845,4664,Commerce de gros de machines pour l'industrie textile et l'habillement
846,9002Z,Activités de soutien au spectacle vivant
847,6430,Fonds de placement et entités financières similaires
848,2431Z,Étirage à froid de barres
849,4399A,Travaux d'étanchéification
850,6621Z,Évaluation des risques et dommages
851,1729Z,Fabrication d'autres articles en papier ou en carton
852,1086Z,Fabrication d'aliments homogénéisés et diététiques
853,4939C,Téléphériques et remontées mécaniques
854,7420,Activités photographiques
855,9609Z,Autres services personnels n.c.a.
856,9311,Gestion d'installations sportives
857,729,Extraction d'autres minerais de métaux non ferreux
858,8891,Action sociale sans hébergement pour jeunes enfants
859,6312Z,Portails Internet
860,8810C,Aide par le travail
861,3109,Fabrication d'autres meubles
862,4623,Commerce de gros d'animaux vivants
863,8622B,Activités chirurgicales
864,111,"Culture de céréales (à l'exception du riz), de légumineuses et de graines oléagineuses"
865,5610,Restaurants et services de restauration mobile
866,2041,"Fabrication de savons, détergents et produits d'entretien"
867,9002,Activités de soutien au spectacle vivant
868,4672Z,Commerce de gros (commerce interentreprises) de minerais et métaux
869,4321,Installation électrique
870,4777,Commerce de détail d'articles d'horlogerie et de bijouterie en magasin spécialisé
871,152,Fabrication de chaussures
872,4677,Commerce de gros de déchets et débris
873,5819Z,Autres activités d'édition
874,651,Assurance
875,4110D,Supports juridiques de programmes
876,1102A,Fabrication de vins effervescents
877,6120,Télécommunications sans fil
878,7120,Activités de contrôle et analyses techniques
879,0113Z,"Culture de légumes, de melons, de racines et de tubercules"
880,2015Z,Fabrication de produits azotés et d'engrais
881,4332,Travaux de menuiserie
882,6499,"Autres activités des services financiers, hors assurance et caisses de retraite, n.c.a."
883,2573,Fabrication d'outillage
884,742,Activités photographiques
885,142,Élevage d'autres bovins et de buffles
886,125,Culture d'autres fruits d'arbres ou d'arbustes et de fruits à coque
887,4752B,"Commerce de détail de quincaillerie, peintures et verres en grandes surfaces (400 m2et plus)"
888,510,Extraction de houille
889,2313Z,Fabrication de verre creux
890,2732,Fabrication d'autres fils et câbles électroniques ou électriques
891,3102Z,Fabrication de meubles de cuisine
892,952,Réparation de biens personnels et domestiques
893,10,Industries alimentaires
894,4719,Autre commerce de détail en magasin non spécialisé
895,3011Z,Construction de navires et de structures flottantes
896,501,Transports maritimes et côtiers de passagers
897,2017Z,Fabrication de caoutchouc synthétique
898,3212Z,Fabrication d’articles de joaillerie et bijouterie
899,0130Z,Reproduction de plantes
900,2932,Fabrication d'autres équipements automobiles
901,9003A,Création artistique relevant des arts plastiques
902,1092Z,Fabrication d'aliments pour animaux de compagnie
903,0210Z,Sylviculture et autres activités forestières
904,8299Z,Autres activités de soutien aux entreprises n.c.a.
905,2932Z,Fabrication d'autres équipements automobiles
906,37,Collecte et traitement des eaux usées
907,4791,Vente à distance
908,4333Z,Travaux de revêtement des sols et des murs
909,2433,Profilage à froid par formage ou pliage
910,619,Autres activités de télécommunication
911,86,Activités pour la santé humaine
912,3040,Construction de véhicules militaires de combat
913,432,"Travaux d'installation électrique, plomberie et autres travaux d'installation"
914,4212Z,Construction de voies ferrées de surface et souterraines
915,4313Z,Forages et sondages
916,4778C,Autres commerces de détail spécialisés divers
917,4643,Commerce de gros d'appareils électroménagers
918,82,Activités administratives et autres activités de soutien aux entreprises
919,3700Z,Collecte et traitement des eaux usées
920,8422,Défense
921,1051A,Fabrication de lait liquide et de produits frais
922,4322A,Travaux d'installation d'eau et de gaz en tous locaux
923,4772B,Commerce de détail de maroquinerie et d'articles de voyage
924,2920,Fabrication de carrosseries et remorques
925,3220,Fabrication d'instruments de musique
926,4791B,Vente à distance sur catalogue spécialisé
927,841,"Administration générale, économique et sociale"
928,8010Z,Activités de sécurité privée
929,4711F,Hypermarchés
930,6130Z,Télécommunications par satellite
931,142,Fabrication d'articles en fourrure
932,9700Z,Activités des ménages en tant qu'employeurs de personnel domestique
933,9524,Réparation de meubles et d'équipements du foyer
934,262,Fabrication d'ordinateurs et d'équipements périphériques
935,4791A,Vente à distance sur catalogue général
936,1102,Production de vin (de raisin)
937,2895Z,Fabrication de machines pour les industries du papier et du carton
938,4531,Commerce de gros d'équipements automobiles
939,6611,Administration de marchés financiers
940,610,Extraction de pétrole brut
941,7732Z,Location et location-bail de machines et équipements pour la construction
942,9602,Coiffure et soins de beauté
943,1622Z,Fabrication de parquets assemblés
944,0721Z,Extraction de minerais d'uranium et de thorium
945,6612Z,Courtage de valeurs mobilières et de marchandises
946,4619,Intermédiaires du commerce en produits divers
947,4639A,Commerce de gros (commerce interentreprises) de produits surgelés
948,4635,Commerce de gros de produits à base de tabac
949,5814Z,Édition de revues et périodiques
950,8710C,Hébergement médicalisé pour adultes handicapés et autre hébergement médicalisé
951,8510Z,Enseignement pré-primaire
952,2110,Fabrication de produits pharmaceutiques de base
953,4776,"Commerce de détail de fleurs, plantes, graines, engrais, animaux de compagnie et aliments pour ces animaux en magasin spécialisé"
954,2893,Fabrication de machines pour l'industrie agro-alimentaire
955,2445,Métallurgie des autres métaux non ferreux
956,553,Terrains de camping et parcs pour caravanes ou véhicules de loisirs
957,7022Z,Conseil pour les affaires et autres conseils de gestion
958,161,Activités de soutien aux cultures
959,812,Activités de nettoyage
960,4773Z,Commerce de détail de produits pharmaceutiques en magasin spécialisé
961,2823,Fabrication de machines et d'équipements de bureau (à l'exception des ordinateurs et équipements périphériques)
962,2815Z,Fabrication d'engrenages et d'organes mécaniques de transmission
963,284,Fabrication de machines de formage des métaux et de machines-outils
964,3211Z,Frappe de monnaie
965,2331Z,Fabrication de carreaux en céramique
966,170,"Chasse, piégeage et services annexes"
967,265,"Fabrication d'instruments et d'appareils de mesure, d'essai et de navigation ; horlogerie"
968,32,Autres industries manufacturières
969,6311,"Traitement de données, hébergement et activités connexes"
970,1081,Fabrication de sucre
971,251,Fabrication d'éléments en métal pour la construction
972,3091,Fabrication de motocycles
973,1085Z,Fabrication de plats préparés
974,2592Z,Fabrication d'emballages métalliques légers
975,4662Z,Commerce de gros (commerce interentreprises) de machines-outils
976,4741,"Commerce de détail d'ordinateurs, d'unités périphériques et de logiciels en magasin spécialisé"
977,51,Transports aériens
978,4615,"Intermédiaires du commerce en meubles, articles de ménage et quincaillerie"
979,5920,Enregistrement sonore et édition musicale
980,5819,Autres activités d'édition
981,2344,Fabrication d'autres produits céramiques à usage technique
982,4619A,Centrales d'achat non alimentaires
983,2572Z,Fabrication de serrures et de ferrures
984,2815,Fabrication d'engrenages et d'organes mécaniques de transmission
985,6491Z,Crédit-bail
986,71,Activités d'architecture et d'ingénierie ; activités de contrôle et analyses techniques
987,7830,Autre mise à disposition de ressources humaines
988,230,Récolte de produits forestiers non ligneux poussant à l'état sauvage
989,3320D,"Installation d'équipements électriques, de matériels électroniques et optiques ou d'autres matériels"
990,5320Z,Autres activités de poste et de courrier
991,5621,Services des traiteurs
992,8425Z,Services du feu et de secours
993,150,Culture et élevage associés
994,2319,"Fabrication et façonnage d'autres articles en verre, y compris verre technique"
995,4631Z,Commerce de gros (commerce interentreprises) de fruits et légumes
996,4677Z,Commerce de gros (commerce interentreprises) de déchets et débris
997,942,Activités des syndicats de salariés
998,8891A,Accueil de jeunes enfants
999,201,"Fabrication de produits chimiques de base, de produits azotés et d'engrais, de matières plastiques de base et de caoutchouc synthétique"
1000,08,Autres industries extractives
1001,16,"Travail du bois et fabrication d'articles en bois et en liège, à l’exception des meubles ; fabrication d’articles en vannerie et sparterie"
1002,2420,"Fabrication de tubes, tuyaux, profilés creux et accessoires correspondants en acier"
1003,2731,Fabrication de câbles de fibres optiques
1004,4622,Commerce de gros de fleurs et plantes
1005,139,Fabrication d'autres textiles
1006,1107A,Industrie des eaux de table
1007,3320C,Conception d'ensemble et assemblage sur site industriel d'équipements de contrôle des processus industriels
1008,2712,Fabrication de matériel de distribution et de commande électrique
1009,5122Z,Transports spatiaux
1010,602,Programmation de télévision et télédiffusion
1011,4742,Commerce de détail de matériels de télécommunication en magasin spécialisé
1012,1623Z,Fabrication de charpentes et d'autres menuiseries
1013,9900Z,Activités des organisations et organismes extraterritoriaux
1014,2591,Fabrication de fûts et emballages métalliques similaires
1015,4633,"Commerce de gros de produits laitiers, œufs, huiles et matières grasses comestibles"
1016,8720A,Hébergement social pour handicapés mentaux et malades mentaux
1017,7410,Activités spécialisées de design
1018,84,Administration publique et défense ; sécurité sociale obligatoire
1019,101,Transformation et conservation de la viande et préparation de produits à base de viande
1020,0119Z,Autres cultures non permanentes
1021,130,Reproduction de plantes
1022,4332A,Travaux de menuiserie bois et PVC
1023,1721C,Fabrication d'emballages en papier
1024,66,Activités auxiliaires de services financiers et d'assurance
1025,6910Z,Activités juridiques
1026,2120Z,Fabrication de préparations pharmaceutiques
1027,1013B,Charcuterie
1028,782,Activités des agences de travail temporaire
1029,60,Programmation et diffusion
1030,9001Z,Arts du spectacle vivant
1031,1711,Fabrication de pâte à papier
1032,1106Z,Fabrication de malt
1033,3831,Démantèlement d'épaves
1034,92,Organisation de jeux de hasard et d'argent
1035,8720B,Hébergement social pour toxicomanes
1036,462,Commerce de gros de produits agricoles bruts et d'animaux vivants
1037,803,Activités d'enquête
1038,1723,Fabrication d'articles de papeterie
1039,9525Z,Réparation d'articles d'horlogerie et de bijouterie
1040,8730B,Hébergement social pour handicapés  physiques
1041,5229A,"Messagerie, fret express"
1042,2042,Fabrication de parfums et de produits pour la toilette
1043,329,Activités manufacturières n.c.a.
1044,3299,Autres activités manufacturières n.c.a.
1045,2849,Fabrication d'autres machines-outils
1046,532,Autres activités de poste et de courrier
1047,7010,Activités des sièges sociaux
1048,1399Z,Fabrication d'autres textiles n.c.a.
1049,2895,Fabrication de machines pour les industries du papier et du carton
1050,2813Z,Fabrication d'autres pompes et compresseurs
1051,323,Fabrication d'articles de sport
1052,5629A,Restauration collective sous contrat
1053,9491,Activités des organisations religieuses
1054,322,Aquaculture en eau douce
1055,31,Fabrication de meubles
1056,1106,Fabrication de malt
1057,7733,Location et location-bail de machines de bureau et de matériel informatique
1058,7810Z,Activités des agences de placement de main-d'œuvre
1059,8532,Enseignement secondaire technique ou professionnel
1060,4676,Commerce de gros d'autres produits intermédiaires
1061,4634,Commerce de gros de boissons
1062,3092,Fabrication de bicyclettes et de véhicules pour invalides
1063,4641,Commerce de gros de textiles
1064,0311Z,Pêche en mer
1065,4674B,Commerce de gros (commerce interentreprises) de fournitures pour la plomberie et le chauffage
1066,4920,Transports ferroviaires de fret
1067,9200,Organisation de jeux de hasard et d'argent
1068,2229B,Fabrication de produits de consommation courante en matières plastiques
1069,1089,Fabrication d'autres produits alimentaires n.c.a.
1070,221,Fabrication de produits en caoutchouc
1071,6492,Autre distribution de crédit
1072,112,Culture du riz
1073,103,Transformation et conservation de fruits et légumes
1074,1414,Fabrication de vêtements de dessous
1075,2344Z,Fabrication d'autres produits céramiques à usage technique
1076,5813,Édition de journaux
1077,8520,Enseignement primaire
1078,8623,Pratique dentaire
1079,2599A,Fabrication d'articles métalliques ménagers
1080,9511Z,Réparation d'ordinateurs et d'équipements périphériques
1081,1200Z,Fabrication de produits à base de tabac
1082,0145Z,Élevage d'ovins et de caprins
1083,5911B,Production de films institutionnels et publicitaires
1084,2222,Fabrication d'emballages en matières plastiques
1085,2410,Sidérurgie
1086,5122,Transports spatiaux
1087,0891Z,Extraction des minéraux chimiques et d'engrais minéraux
1088,6621,Évaluation des risques et dommages
1089,0121Z,Culture de la vigne
1090,26,"Fabrication de produits informatiques, électroniques et optiques"
1091,7912,Activités des voyagistes
1092,321,"Fabrication d’articles de joaillerie, bijouterie et articles similaires"
1093,6499Z,"Autres activités des services financiers, hors assurance et caisses de retraite, n.c.a."
1094,9101,Gestion des bibliothèques et des archives
1095,8292Z,Activités de conditionnement
1096,1020Z,"Transformation et conservation de poisson, de crustacés et de mollusques"
1097,812,"Exploitation de gravières et sablières, extraction d’argiles et de kaolin"
1098,1610B,Imprégnation du bois
1099,0910Z,Activités de soutien à l'extraction d'hydrocarbures
1100,7420Z,Activités photographiques
1101,4776Z,"Commerce de détail de fleurs, plantes, graines, engrais, animaux de compagnie et aliments pour ces animaux en magasin spécialisé"
1102,4742Z,Commerce de détail de matériels de télécommunication en magasin spécialisé
1103,2363,Fabrication de béton prêt à l'emploi
1104,2652,Horlogerie
1105,8122Z,Autres activités de nettoyage des bâtiments et nettoyage industriel
1106,94,Activités des organisations associatives
1107,8622A,Activités de radiodiagnostic et de radiothérapie
1108,5010,Transports maritimes et côtiers de passagers
1109,561,Restaurants et services de restauration mobile
1110,0114Z,Culture de la canne à sucre
1111,1411Z,Fabrication de vêtements en cuir
1112,267,Fabrication de matériels optique et photographique
1113,2640,Fabrication de produits électroniques grand public
1114,1051B,Fabrication de beurre
1115,0162Z,Activités de soutien à la production animale
1116,4666,Commerce de gros d'autres machines et équipements de bureau
1117,309,Fabrication de matériels de transport n.c.a.
1118,475,Commerce de détail d'autres équipements du foyer en magasin spécialisé
1119,01,"Culture et production animale, chasse et services annexes"
1120,0123Z,Culture d'agrumes
1121,4520B,Entretien et réparation d'autres véhicules automobiles
1122,4789Z,Autres commerces de détail sur éventaires et marchés
1123,2013B,Fabrication d'autres produits chimiques inorganiques de base n.c.a.
1124,89,Activités extractives n.c.a.
1125,4675,Commerce de gros de produits chimiques
1126,8219Z,"Photocopie, préparation de documents et autres activités spécialisées de soutien de bureau"
1127,4644Z,"Commerce de gros (commerce interentreprises) de vaisselle, verrerie et produits d'entretien"
1128,4624,Commerce de gros de cuirs et peaux
1129,7740Z,"Location-bail de propriété intellectuelle et de produits similaires, à l'exception des œuvres soumises à copyright"
1130,0161Z,Activités de soutien aux cultures
1131,4669C,Commerce de gros (commerce interentreprises) de fournitures et équipements divers pour le commerce et les services
1132,4612A,Centrales d'achat de carburant
1133,32,Aquaculture
1134,2453,Fonderie de métaux légers
1135,2670Z,Fabrication de matériels optique et photographique
1136,36,"Captage, traitement et distribution d'eau"
1137,6491,Crédit-bail
1138,8211Z,Services administratifs combinés de bureau
1139,6832B,Supports juridiques de gestion de patrimoine immobilier
1140,663,Gestion de fonds
1141,1511,Apprêt et tannage des cuirs ; préparation et teinture des fourrures
1142,192,Raffinage du pétrole
1143,2443Z,"Métallurgie du plomb, du zinc ou de l'étain"
1144,2670,Fabrication de matériels optique et photographique
1145,712,Activités de contrôle et analyses techniques
1146,8230,Organisation de salons professionnels et congrès
1147,5629B,Autres services de restauration n.c.a.
1148,4932,Transports de voyageurs par taxis
1149,289,Fabrication d'autres machines d'usage spécifique
1150,9412Z,Activités des organisations professionnelles
1151,9492Z,Activités des organisations politiques
1152,23,Fabrication d'autres produits minéraux non métalliques
1153,3316,Réparation et maintenance d'aéronefs et d'engins spatiaux
1154,58,Édition
1155,8622,Activité des médecins spécialistes
1156,9200Z,Organisation de jeux de hasard et d'argent
1157,2442,Métallurgie de l'aluminium
1158,3317,Réparation et maintenance d'autres équipements de transport
1159,3099Z,Fabrication d’autres équipements de transport n.c.a.
1160,4941B,Transports routiers de fret de proximité
1161,8622C,Autres activités des médecins spécialistes
1162,613,Télécommunications par satellite
1163,9601B,Blanchisserie-teinturerie de détail
1164,2896Z,Fabrication de machines pour le travail du caoutchouc ou des plastiques
1165,2561Z,Traitement et revêtement des métaux
1166,191,Cokéfaction
1167,3103,Fabrication de matelas
1168,0710Z,Extraction de minerais de fer
1169,1071,Fabrication de pain et de pâtisserie fraîche
1170,202,Fabrication de pesticides et d’autres produits agrochimiques
1171,2731Z,Fabrication de câbles de fibres optiques
1172,3822,Traitement et élimination des déchets dangereux
1173,6201,Programmation informatique
1174,0112Z,Culture du riz
1175,2223,Fabrication d'éléments en matières plastiques pour la construction
1176,4339,Autres travaux de finition
1177,4759A,Commerce de détail de meubles
1178,257,"Fabrication de coutellerie, d'outillage et de quincaillerie"
1179,49,Transports terrestres et transport par conduites
1180,1041A,Fabrication d'huiles et graisses brutes
1181,8010,Activités de sécurité privée
1182,9003,Création artistique
1183,2651A,Fabrication d'équipements d'aide à la navigation
1184,9491Z,Activités des organisations religieuses
1185,256,Traitement et revêtement des métaux ; usinage
1186,1812,Autre imprimerie (labeur)
1187,1431Z,Fabrication d'articles chaussants à mailles
1188,749,"Autres activités spécialisées, scientifiques et techniques n.c.a."
1189,151,"Apprêt et tannage des cuirs ; préparation et teinture des fourrures ; fabrication d'articles de voyage, de maroquinerie et de sellerie"
1190,8411,Administration publique générale
1191,4637,"Commerce de gros de café, thé, cacao et épices"
1192,11,Cultures non permanentes
1193,2362Z,Fabrication d'éléments en plâtre pour la construction
1194,2592,Fabrication d'emballages métalliques légers
1195,4617B,"Autres intermédiaires du commerce en denrées, boissons et tabac"
1196,9329Z,Autres activités récréatives et de loisirs
1197,9312,Activités de clubs de sports
1198,8559B,Autres enseignements
1199,2812Z,Fabrication d'équipements hydrauliques et pneumatiques
1200,3230Z,Fabrication d'articles de sport
1201,4646,Commerce de gros de produits pharmaceutiques
1202,4950Z,Transports par conduites
1203,2011Z,Fabrication de gaz industriels
1204,2540Z,Fabrication d'armes et de munitions
1205,4221,Construction de réseaux pour fluides
1206,2442Z,Métallurgie de l'aluminium
1207,4636Z,"Commerce de gros (commerce interentreprises) de sucre, chocolat et confiserie"
1208,4799A,Vente à domicile
1209,263,Fabrication d'équipements de communication
1210,1711Z,Fabrication de pâte à papier
1211,8292,Activités de conditionnement
1212,2660,"Fabrication d'équipements d'irradiation médicale, d'équipements électromédicaux et électrothérapeutiques"
1213,264,Fabrication de produits électroniques grand public
1214,4941A,Transports routiers de fret interurbains
1215,6920Z,Activités comptables
1216,9102Z,Gestion des musées
1217,8130,Services d'aménagement paysager
1218,1072Z,"Fabrication de biscuits, biscottes et pâtisseries de conservation"
1219,2824,Fabrication d'outillage portatif à moteur incorporé
1220,842,Services de prérogative publique
1221,2720,Fabrication de piles et d'accumulateurs électriques
1222,6020B,Edition de chaînes thématiques
1223,4741Z,"Commerce de détail d'ordinateurs, d'unités périphériques et de logiciels en magasin spécialisé"
1224,8421Z,Affaires étrangères
1225,5829B,Edition de logiciels outils de développement et de langages
1226,2896,Fabrication de machines pour le travail du caoutchouc ou des plastiques
1227,2660Z,"Fabrication d'équipements d'irradiation médicale, d'équipements électromédicaux et électrothérapeutiques"
1228,4759B,Commerce de détail d'autres équipements du foyer
1229,7731,Location et location-bail de machines et équipements agricoles
1230,2451Z,Fonderie de fonte
1231,2593Z,"Fabrication d'articles en fils métalliques, de chaînes et de ressorts"
1232,1052Z,Fabrication de glaces et sorbets
1233,360,"Captage, traitement et distribution d'eau"
1234,6391,Activités des agences de presse
1235,2711Z,"Fabrication de moteurs, génératrices et transformateurs électriques"
1236,4763Z,Commerce de détail d'enregistrements musicaux et vidéo en magasin spécialisé
1237,8291Z,Activités des agences de recouvrement de factures et des sociétés d'information financière sur la clientèle
1238,7120B,"Analyses, essais et inspections techniques"
1239,2512Z,Fabrication de portes et fenêtres en métal
1240,731,Publicité
1241,3320A,"Installation de structures métalliques, chaudronnées et de tuyauterie"
1242,1012,Transformation et conservation de la viande de volaille
1243,710,Extraction de minerais de fer
1244,5610A,Restauration traditionnelle
1245,881,Action sociale sans hébergement pour personnes âgées et pour personnes handicapées
1246,7734,Location et location-bail de matériels de transport par eau
1247,2420Z,"Fabrication de tubes, tuyaux, profilés creux et accessoires correspondants en acier"
1248,242,"Fabrication de tubes, tuyaux, profilés creux et accessoires correspondants en acier"
1249,301,Construction navale
1250,4520A,Entretien et réparation de véhicules automobiles légers
1251,128,"Culture de plantes à épices, aromatiques, médicinales et pharmaceutiques"
1252,0125Z,Culture d'autres fruits d'arbres ou d'arbustes et de fruits à coque
1253,4222Z,Construction de réseaux électriques et de télécommunications
1254,711,Activités d'architecture et d'ingénierie
1255,4932Z,Transports de voyageurs par taxis
1256,6520Z,Réassurance
1257,3291,Fabrication d’articles de brosserie
1258,7312,Régie publicitaire de médias
1259,502,Transports maritimes et côtiers de fret
1260,2511Z,Fabrication de structures métalliques et de parties de structures
1261,69,Activités juridiques et comptables
1262,6831Z,Agences immobilières
1263,210,Sylviculture et autres activités forestières
1264,147,Élevage de volailles
1265,6419,Autres intermédiations monétaires
1266,70,Activités des sièges sociaux ; conseil de gestion
1267,559,Autres hébergements
1268,5811Z,Édition de livres
1269,1629,"Fabrication d'objets divers en bois ; fabrication d'objets en liège, vannerie et sparterie"
1270,4669,Commerce de gros d'autres machines et équipements
1271,822,Activités de centres d'appels
1272,4399E,Location avec opérateur de matériel de construction
1273,9321Z,Activités des parcs d'attractions et parcs à thèmes
1274,2893Z,Fabrication de machines pour l'industrie agro-alimentaire
1275,692,Activités comptables
1276,1712,Fabrication de papier et de carton
1277,2811Z,"Fabrication de moteurs et turbines, à l'exception des moteurs d’avions et de véhicules"
1278,9329,Autres activités récréatives et de loisirs
1279,4778B,Commerces de détail de charbons et combustibles
1280,0892Z,Extraction de tourbe
1281,2550,"Forge, emboutissage, estampage ; métallurgie des poudres"
1282,743,Traduction et interprétation
1283,5914,Projection de films cinématographiques
1284,4329B,Autres travaux d'installation n.c.a.
1285,8129B,Autres activités de nettoyage n.c.a.
1286,6619B,"Autres activités auxiliaires de services financiers, hors assurance et caisses de retraite, n.c.a."
1287,98,Activités indifférenciées des ménages en tant que producteurs de biens et services pour usage propre
1288,3291Z,Fabrication d’articles de brosserie
1289,383,Récupération
1290,281,Fabrication de machines d'usage général
1291,843,Sécurité sociale obligatoire
1292,123,Culture d'agrumes
1293,3522Z,Distribution de combustibles gazeux par conduites
1294,4642Z,Commerce de gros (commerce interentreprises) d'habillement et de chaussures
1295,4624Z,Commerce de gros (commerce interentreprises) de cuirs et peaux
1296,85,Enseignement
1297,2060,Fabrication de fibres artificielles ou synthétiques
1298,1083Z,Transformation du thé et du café
1299,4723,"Commerce de détail de poissons, crustacés et mollusques en magasin spécialisé"
1300,465,Commerce de gros d'équipements de l'information et de la communication
1301,8553Z,Enseignement de la conduite
1302,1399,Fabrication d'autres textiles n.c.a.
1303,56,Restauration
1304,7490A,Activité des économistes de la construction
1305,8299,Autres activités de soutien aux entreprises n.c.a.
1306,1721A,Fabrication de carton ondulé
1307,2341,Fabrication d'articles céramiques à usage domestique ou ornemental
1308,2444Z,Métallurgie du cuivre
1309,4652,Commerce de gros de composants et d'équipements électroniques et de télécommunication
1310,4221Z,Construction de réseaux pour fluides
1311,1814Z,Reliure et activités connexes
1312,2529Z,"Fabrication d'autres réservoirs, citernes et conteneurs métalliques"
1313,353,Production et distribution de vapeur et d'air conditionné
1314,2841Z,Fabrication de machines-outils pour le travail des métaux
1315,7990Z,Autres services de réservation et activités connexes
1316,0164Z,Traitement des semences
1317,2221Z,"Fabrication de plaques, feuilles, tubes et profilés en matières plastiques"
1318,2712Z,Fabrication de matériel de distribution et de commande électrique
1319,172,Fabrication d'articles en papier ou en carton
1320,2391Z,Fabrication de produits abrasifs
1321,1039A,Autre transformation et conservation de légumes
1322,0321Z,Aquaculture en mer
1323,3109A,Fabrication de sièges d'ameublement d'intérieur
1324,1910,Cokéfaction
1325,8425,Services du feu et de secours
1326,2452Z,Fonderie d'acier
1327,1395Z,"Fabrication de non-tissés, sauf habillement"
1328,1392Z,"Fabrication d'articles textiles, sauf habillement"
1329,421,Construction de routes et de voies ferrées
1330,4722,Commerce de détail de viandes et de produits à base de viande en magasin spécialisé
1331,6010Z,Édition et diffusion de programmes radio
1332,1722Z,Fabrication d'articles en papier à usage sanitaire ou domestique
1333,8129A,"Désinfection, désinsectisation, dératisation"
1334,4110A,Promotion immobilière de logements
1335,129,Autres cultures permanentes
1336,3512Z,Transport d'électricité
1337,266,"Fabrication d'équipements d'irradiation médicale, d'équipements électromédicaux et électrothérapeutiques"
1338,0128Z,"Culture de plantes à épices, aromatiques, médicinales et pharmaceutiques"
1339,1083,Transformation du thé et du café
1340,2410Z,Sidérurgie
1341,4334Z,Travaux de peinture et vitrerie
1342,1391Z,Fabrication d'étoffes à mailles
1343,2740Z,Fabrication d'appareils d'éclairage électrique
1344,7711A,Location de courte durée de voitures et de véhicules automobiles légers
1345,7722Z,Location de vidéocassettes et disques vidéo
1346,9103Z,Gestion des sites et monuments historiques et des attractions touristiques similaires
1347,453,Commerce d'équipements automobiles
1348,9004Z,Gestion de salles de spectacles
1349,9603Z,Services funéraires
1350,4643Z,Commerce de gros (commerce interentreprises) d'appareils électroménagers
1351,4339Z,Autres travaux de finition
1352,741,Activités spécialisées de design
1353,0129Z,Autres cultures permanentes
1354,9820,Activités indifférenciées des ménages en tant que producteurs de services pour usage propre
1355,4332B,Travaux de menuiserie métallique et serrurerie
1356,4671Z,Commerce de gros (commerce interentreprises) de combustibles et de produits annexes
1357,234,Fabrication d'autres produits en céramique et en porcelaine
1358,72,Extraction de minerais de métaux non ferreux
1359,6920,Activités comptables
1360,802,Activités liées aux systèmes de sécurité
1361,1724,Fabrication de papiers peints
1362,4391,Travaux de couverture
1363,4754,Commerce de détail d'appareils électroménagers en magasin spécialisé
1364,06,Extraction d'hydrocarbures
1365,133,Ennoblissement textile
1366,451,Commerce de véhicules automobiles
1367,99,Activités des organisations et organismes extraterritoriaux
1368,1413,Fabrication de vêtements de dessus
1369,7211,Recherche-développement en biotechnologie
1370,4910Z,Transport ferroviaire interurbain de voyageurs
1371,2341Z,Fabrication d'articles céramiques à usage domestique ou ornemental
1372,2441Z,Production de métaux précieux
1373,2530Z,"Fabrication de générateurs de vapeur, à l'exception des chaudières pour le chauffage central"
1374,8424,Activités d’ordre public et de sécurité
1375,8730A,Hébergement social pour personnes âgées
1376,0116Z,Culture de plantes à fibres
1377,2452,Fonderie d'acier
1378,5210B,Entreposage et stockage non frigorifique
1379,781,Activités des agences de placement de main-d'œuvre
1380,4519Z,Commerce d'autres véhicules automobiles
1381,312,Pêche en eau douce
1382,1622,Fabrication de parquets assemblés
1383,6399,Autres services d'information n.c.a.
1384,0122Z,Culture de fruits tropicaux et subtropicaux
1385,11,Fabrication de boissons
1386,1101,Production de boissons alcooliques distillées
1387,1092,Fabrication d'aliments pour animaux de compagnie
1388,2825,Fabrication d'équipements aérauliques et frigorifiques industriels
1389,6619A,Supports juridiques de gestion de patrimoine mobilier
1390,4663Z,"Commerce de gros (commerce interentreprises) de machines pour l'extraction, la construction et le génie civil"
1391,4634Z,Commerce de gros (commerce interentreprises) de boissons
1392,30,Fabrication d'autres matériels de transport
1393,2822Z,Fabrication de matériel de levage et de manutention
1394,7911Z,Activités des agences de voyage
1395,9001,Arts du spectacle vivant
1396,1439,Fabrication d'autres articles à mailles
1397,491,Transport ferroviaire interurbain de voyageurs
1398,0170Z,"Chasse, piégeage et services annexes"
1399,7220Z,Recherche-développement en sciences humaines et sociales
1400,6420Z,Activités des sociétés holding
1401,9529,Réparation d'autres biens personnels et domestiques
1402,6202B,Tierce maintenance de systèmes et d’applications informatiques
1403,2399Z,Fabrication d'autres produits minéraux non métalliques n.c.a.
1404,8110Z,Activités combinées de soutien lié aux bâtiments
1405,22,Fabrication de produits en caoutchouc et en plastique
1406,3012,Construction de bateaux de plaisance
1407,72,Recherche-développement scientifique
1408,1394Z,"Fabrication de ficelles, cordes et filets"
1409,2790,Fabrication d'autres matériels électriques
1410,6190Z,Autres activités de télécommunication
1411,721,Recherche-développement en sciences physiques et naturelles
1412,1051D,Fabrication d'autres produits laitiers
1413,1624,Fabrication d'emballages en bois
1414,2611,Fabrication de composants électroniques
1415,829,Activités de soutien aux entreprises n.c.a.
1416,6820A,Location de logements
1417,941,"Activités des organisations économiques, patronales et professionnelles"
1418,7311,Activités des agences de publicité
1419,1032Z,Préparation de jus de fruits et légumes
1420,6203Z,Gestion d'installations informatiques
1421,551,Hôtels et hébergement similaire
1422,8730,Hébergement social pour personnes âgées ou handicapées physiques
1423,8710B,Hébergement médicalisé pour enfants handicapés
1424,9602B,Soins de beauté
1425,382,Traitement et élimination des déchets
1426,7711B,Location de longue durée de voitures et de véhicules automobiles légers
1427,2219Z,Fabrication d'autres articles en caoutchouc
1428,2540,Fabrication d'armes et de munitions
1429,4939B,Autres transports routiers de voyageurs
1430,1330Z,Ennoblissement textile
1431,4642,Commerce de gros d'habillement et de chaussures
1432,3250B,Fabrication de lunettes
1433,854,Enseignement supérieur et post-secondaire non supérieur
1434,1621Z,Fabrication de placage et de panneaux de bois
1435,4782Z,"Commerce de détail de textiles, d'habillement et de chaussures sur éventaires et marchés"
1436,2221,"Fabrication de plaques, feuilles, tubes et profilés en matières plastiques"
1437,2311,Fabrication de verre plat
1438,4651Z,"Commerce de gros (commerce interentreprises) d'ordinateurs, d'équipements informatiques périphériques et de logiciels"
1439,5911A,Production de films et de programmes pour la télévision
1440,4613Z,Intermédiaires du commerce en bois et matériaux de construction
1441,4639B,Commerce de gros (commerce interentreprises) alimentaire non spécialisé
1442,4299,Construction d'autres ouvrages de génie civil n.c.a.
1443,1041,Fabrication d'huiles et graisses
1444,2343,Fabrication d'isolateurs et pièces isolantes en céramique
1445,869,Autres activités pour la santé humaine
1446,163,Traitement primaire des récoltes
1447,4931Z,Transports urbains et suburbains de voyageurs
1448,1413Z,Fabrication de vêtements de dessus
1449,855,Autres activités d'enseignement
1450,9499Z,Autres organisations fonctionnant par adhésion volontaire
1451,2825Z,Fabrication d'équipements aérauliques et frigorifiques industriels
1452,2342Z,Fabrication d'appareils sanitaires en céramique
1453,2550A,"Forge, estampage, matriçage ; métallurgie des poudres"
1454,68,Activités immobilières
1455,304,Construction de véhicules militaires de combat
1456,21,Sylviculture et autres activités forestières
1457,9810Z,Activités indifférenciées des ménages en tant que producteurs de biens pour usage propre
1458,2454Z,Fonderie d'autres métaux non ferreux
1459,932,Activités récréatives et de loisirs
1460,0899Z,Autres activités extractives n.c.a.
1461,1722,Fabrication d'articles en papier à usage sanitaire ou domestique
1462,2824Z,Fabrication d'outillage portatif à moteur incorporé
1463,6622Z,Activités des agents et courtiers d'assurances
1464,511,Transports aériens de passagers
1465,51,Extraction de houille
1466,3213Z,Fabrication d’articles de bijouterie fantaisie et articles similaires
1467,1071D,Pâtisserie
1468,3020Z,Construction de locomotives et d'autre matériel ferroviaire roulant
1469,13,Fabrication de textiles
1470,4212,Construction de voies ferrées de surface et souterraines
1471,9820Z,Activités indifférenciées des ménages en tant que producteurs de services pour usage propre
1472,1082,"Fabrication de cacao, chocolat et de produits de confiserie"
1473,105,Fabrication de produits laitiers
1474,4120A,Construction de maisons individuelles
1475,5610B,Cafétérias et autres libres-services
1476,1392,"Fabrication d'articles textiles, sauf habillement"
1477,4391B,Travaux de couverture par éléments
1478,113,"Culture de légumes, de melons, de racines et de tubercules"
1479,9601A,Blanchisserie-teinturerie de gros
1480,5530,Terrains de camping et parcs pour caravanes ou véhicules de loisirs
1481,182,Reproduction d'enregistrements
1482,2521Z,Fabrication de radiateurs et de chaudières pour le chauffage central
1483,0127Z,Culture de plantes à boissons
1484,5920Z,Enregistrement sonore et édition musicale
1485,4729,Autres commerces de détail alimentaires en magasin spécialisé
1486,683,Activités immobilières pour compte de tiers
1487,9700,Activités des ménages en tant qu'employeurs de personnel domestique
1488,205,Fabrication d'autres produits chimiques
1489,750,Activités vétérinaires
1490,2349Z,Fabrication d'autres produits céramiques
1491,2349,Fabrication d'autres produits céramiques
1492,2573A,Fabrication de moules et modèles
1493,7820,Activités des agences de travail temporaire
1494,8130Z,Services d'aménagement paysager
1495,4652Z,Commerce de gros (commerce interentreprises) de composants et d'équipements électroniques et de télécommunication
1496,4647Z,"Commerce de gros (commerce interentreprises) de meubles, de tapis et d'appareils d'éclairage"
1497,5911,"Production de films cinématographiques, de vidéo et de programmes de télévision"
1498,7021,Conseil en relations publiques et communication
1499,3312Z,Réparation de machines et équipements mécaniques
1500,2830Z,Fabrication de machines agricoles et forestières
1501,7740,"Location-bail de propriété intellectuelle et de produits similaires, à l'exception des œuvres soumises à copyright"
1502,2051,Fabrication de produits explosifs
1503,1431,Fabrication d'articles chaussants à mailles
1504,9525,Réparation d'articles d'horlogerie et de bijouterie
1505,71,Extraction de minerais de fer
1506,3211,Frappe de monnaie
1507,120,Fabrication de produits à base de tabac
1508,4519,Commerce d'autres véhicules automobiles
1509,5110Z,Transports aériens de passagers
1510,3811Z,Collecte des déchets non dangereux
1511,4675Z,Commerce de gros (commerce interentreprises) de produits chimiques
1512,2443,"Métallurgie du plomb, du zinc ou de l'étain"
1513,791,Activités des agences de voyage et voyagistes
1514,2829B,Fabrication d'autres machines d'usage général
1515,467,Autres commerces de gros spécialisés
1516,2640Z,Fabrication de produits électroniques grand public
1517,2821Z,Fabrication de fours et brûleurs
1518,3313,Réparation de matériels électroniques et optiques
1519,6511,Assurance vie
1520,9412,Activités des organisations professionnelles
1521,2811,"Fabrication de moteurs et turbines, à l'exception des moteurs d’avions et de véhicules"
1522,4942Z,Services de déménagement
1523,8413,Administration publique (tutelle) des activités économiques
1524,17,"Chasse, piégeage et services annexes"
1525,661,"Activités auxiliaires de services financiers, hors assurance et caisses de retraite"
1526,2352,Fabrication de chaux et plâtre
1527,691,Activités juridiques
1528,93,"Activités sportives, récréatives et de loisirs"
1529,1107B,Production de boissons rafraîchissantes
1530,2562,Usinage
1531,4723Z,"Commerce de détail de poissons, crustacés et mollusques en magasin spécialisé"
1532,4532,Commerce de détail d'équipements automobiles
1533,4649,Commerce de gros d'autres biens domestiques
1534,1721B,Fabrication de cartonnages
1535,8412,"Administration publique (tutelle) de la santé, de la formation, de la culture et des services sociaux, autre que sécurité sociale"
1536,4311Z,Travaux de démolition
1537,4751Z,Commerce de détail de textiles en magasin spécialisé
1538,474,Commerce de détail d'équipements de l'information et de la communication en magasin spécialisé
1539,5223Z,Services auxiliaires des transports aériens
1540,4613,Intermédiaires du commerce en bois et matériaux de construction
1541,8559A,Formation continue d'adultes
1542,4761Z,Commerce de détail de livres en magasin spécialisé
1543,5630Z,Débits de boissons
1544,6202,Conseil informatique
1545,254,Fabrication d'armes et de munitions
1546,4520,Entretien et réparation de véhicules automobiles
1547,253,"Fabrication de générateurs de vapeur, à l'exception des chaudières pour le chauffage central"
1548,252,"Fabrication de réservoirs, citernes et conteneurs métalliques"
1549,6630Z,Gestion de fonds
1550,124,Culture de fruits à pépins et à noyau
1551,59,"Production de films cinématographiques, de vidéo et de programmes de télévision ; enregistrement sonore et édition musicale"
1552,3821,Traitement et élimination des déchets non dangereux
1553,4777Z,Commerce de détail d'articles d'horlogerie et de bijouterie en magasin spécialisé
1554,9604,Entretien corporel
1555,2830,Fabrication de machines agricoles et forestières
1556,477,Autres commerces de détail en magasin spécialisé
1557,4399C,Travaux de maçonnerie générale et gros œuvre de bâtiment
1558,3030,Construction aéronautique et spatiale
1559,1073Z,Fabrication de pâtes alimentaires
1560,143,Élevage de chevaux et d'autres équidés
1561,14,Production animale
1562,2312,Façonnage et transformation du verre plat
1563,3511,Production d'électricité
1564,3091Z,Fabrication de motocycles
1565,6611Z,Administration de marchés financiers
1566,5829A,Édition de logiciels système et de réseau
1567,454,Commerce et réparation de motocycles
1568,4672,Commerce de gros de minerais et métaux
1569,291,Construction de véhicules automobiles
1570,73,Publicité et études de marché
1571,2219,Fabrication d'autres articles en caoutchouc
1572,520,Extraction de lignite
1573,62,"Programmation, conseil et autres activités informatiques"
1574,1073,Fabrication de pâtes alimentaires
1575,370,Collecte et traitement des eaux usées
1576,2591Z,Fabrication de fûts et emballages métalliques similaires
1577,871,Hébergement médicalisé
1578,990,Activités des organisations et organismes extraterritoriaux
1579,2020,Fabrication de pesticides et d’autres produits agrochimiques
1580,2630,Fabrication d'équipements de communication
1581,4291,Construction d'ouvrages maritimes et fluviaux
1582,8552,Enseignement culturel
1583,2361Z,Fabrication d'éléments en béton pour la construction
1584,2314Z,Fabrication de fibres de verre
1585,325,Fabrication d'instruments et de fournitures à usage médical et dentaire
1586,4399D,Autres travaux spécialisés de construction
1587,682,Location et exploitation de biens immobiliers propres ou loués
1588,6201Z,Programmation informatique
1589,31,Pêche
1590,3319,Réparation d'autres équipements
1591,2015,Fabrication de produits azotés et d'engrais
1592,02,Sylviculture et exploitation forestière
1593,4632A,Commerce de gros (commerce interentreprises) de viandes de boucherie
1594,494,Transports routiers de fret et services de déménagement
1595,1411,Fabrication de vêtements en cuir
1596,9522,Réparation d'appareils électroménagers et d'équipements pour la maison et le jardin
1597,891,Extraction des minéraux chimiques et d'engrais minéraux
1598,4761,Commerce de détail de livres en magasin spécialisé
1599,4941,Transports routiers de fret
1600,4950,Transports par conduites
1601,2059Z,Fabrication d'autres produits chimiques n.c.a.
1602,237,"Taille, façonnage et finissage de pierres"
1603,3250,Fabrication d'instruments et de fournitures à usage médical et dentaire
1604,2211Z,Fabrication et rechapage de pneumatiques
1605,322,Fabrication d'instruments de musique
1606,7111Z,Activités d'architecture
1607,240,Services de soutien à l'exploitation forestière
1608,8430A,Activités générales de sécurité sociale
1609,5812Z,Édition de répertoires et de fichiers d'adresses
1610,0990Z,Activités de soutien aux autres industries extractives
1611,07,Extraction de minerais métalliques
1612,275,Fabrication d'appareils ménagers
1613,4648,Commerce de gros d'articles d'horlogerie et de bijouterie
1614,8422Z,Défense
1615,4772,Commerce de détail de chaussures et d'articles en cuir en magasin spécialisé
1616,469,Commerce de gros non spécialisé
1617,7739Z,"Location et location-bail d'autres machines, équipements et biens matériels n.c.a."
1618,4110C,Promotion immobilière d'autres bâtiments
1619,6530,Caisses de retraite
1620,5040Z,Transports fluviaux de fret
1621,5040,Transports fluviaux de fret
1622,1813,Activités de pré-presse
1623,9529Z,Réparation d'autres biens personnels et domestiques
1624,5320,Autres activités de poste et de courrier
1625,5814,Édition de revues et périodiques
1626,8129,Autres activités de nettoyage
1627,4331,Travaux de plâtrerie
1628,4638A,"Commerce de gros (commerce interentreprises) de poissons, crustacés et mollusques"
1629,8121,Nettoyage courant des bâtiments
1630,9524Z,Réparation de meubles et d'équipements du foyer
1631,9604Z,Entretien corporel
1632,2332Z,"Fabrication de briques, tuiles et produits de construction, en terre cuite"
1633,1920Z,Raffinage du pétrole
1634,8552Z,Enseignement culturel
1635,4722Z,Commerce de détail de viandes et de produits à base de viande en magasin spécialisé
1636,95,Réparation d'ordinateurs et de biens personnels et domestiques
1637,4612,"Intermédiaires du commerce en combustibles, métaux, minéraux et produits chimiques"
1638,4532Z,Commerce de détail d'équipements automobiles
1639,771,Location et location-bail de véhicules automobiles
1640,9102,Gestion des musées
1641,0126Z,Culture de fruits oléagineux
1642,8532Z,Enseignement secondaire technique ou professionnel
1643,9312Z,Activités de clubs de sports
1644,1041B,Fabrication d'huiles et graisses raffinées
1645,0115Z,Culture du tabac
1646,6820,Location et exploitation de biens immobiliers propres ou loués
1647,244,Production de métaux précieux et d'autres métaux non ferreux
1648,2910,Construction de véhicules automobiles
1649,7312Z,Régie publicitaire de médias
1650,90,"Activités créatives, artistiques et de spectacle"
1651,4751,Commerce de détail de textiles en magasin spécialisé
1652,4616Z,"Intermédiaires du commerce en textiles, habillement, fourrures, chaussures et articles en cuir"
1653,2711,"Fabrication de moteurs, génératrices et transformateurs électriques"
1654,4311,Travaux de démolition
1655,8424Z,Activités d’ordre public et de sécurité
1656,1051C,Fabrication de fromage
1657,2369,"Fabrication d'autres ouvrages en béton, en ciment ou en plâtre"
1658,271,"Fabrication de moteurs, génératrices et transformateurs électriques et de matériel de distribution et de commande électrique"
1659,2899,Fabrication d'autres machines d'usage spécifique n.c.a.
1660,3514Z,Commerce d'électricité
1661,649,"Autres activités des services financiers, hors assurance et caisses de retraite"
1662,0620Z,Extraction de gaz naturel
1663,3523,Commerce de combustibles gazeux par conduites
1664,4211Z,Construction de routes et autoroutes
1665,4120B,Construction d'autres bâtiments
1666,1071B,Cuisson de produits de boulangerie
1667,181,Imprimerie et services annexes
1668,4329,Autres travaux d'installation
1669,4332C,Agencement de lieux de vente
1670,7729,Location et location-bail d'autres biens personnels et domestiques
1671,6411,Activités de banque centrale
1672,1103,Fabrication de cidre et de vins de fruits
1673,2311Z,Fabrication de verre plat
1674,3040Z,Construction de véhicules militaires de combat
1675,8531Z,Enseignement secondaire général
1676,132,Tissage
1677,231,Fabrication de verre et d'articles en verre
1678,6512,Autres assurances
1679,4671,Commerce de gros de combustibles et de produits annexes
1680,2651B,Fabrication d'instrumentation scientifique et technique
1681,2051Z,Fabrication de produits explosifs
1682,2399,Fabrication d'autres produits minéraux non métalliques n.c.a.
1683,0144Z,Élevage de chameaux et d'autres camélidés
1684,1624Z,Fabrication d'emballages en bois
1685,4312A,Travaux de terrassement courants et travaux préparatoires
1686,8430C,Distribution sociale de revenus
1687,2041Z,"Fabrication de savons, détergents et produits d'entretien"
1688,1013,Préparation de produits à base de viande
1689,9003B,Autre création artistique
1690,4637Z,"Commerce de gros (commerce interentreprises) de café, thé, cacao et épices"
1691,641,Intermédiation monétaire
1692,471,Commerce de détail en magasin non spécialisé
1693,8220,Activités de centres d'appels
1694,8810B,Accueil ou accompagnement sans hébergement d’adultes handicapés ou de  personnes âgées
1695,4611,"Intermédiaires du commerce en matières premières agricoles, animaux vivants, matières premières textiles et produits semi-finis"
1696,4673,"Commerce de gros de bois, de matériaux de construction et d'appareils sanitaires"
1697,9420,Activités des syndicats de salariés
1698,701,Activités des sièges sociaux
1699,24,Métallurgie
1700,8430B,Gestion des retraites complémentaires
1701,2343Z,Fabrication d'isolateurs et pièces isolantes en céramique
1702,255,"Forge, emboutissage, estampage ; métallurgie des poudres"
1703,601,Édition et diffusion de programmes radio
1704,6130,Télécommunications par satellite
1705,7500,Activités vétérinaires
1706,8551,Enseignement de disciplines sportives et d'activités de loisirs
